{
  "model_name": "RandomForest",
  "metrics": {
    "accuracy": 0.8313253012048193,
    "f1": 0.8485711038222973,
    "precision": 0.8820071352893419,
    "recall": 0.8313253012048193
  },
  "model_path": "models/trained/simple_ai_model.joblib"
}